Breakfast,Grooming,Leaving,Lunch,Showering,Sleeping,Snack,Spare_Time_TV,Toileting
0.009424148090635655,0.06198604894248278,0.053147880589639096,0.009084590196250684,0.10061157779681451,0.6199644639575248,0.022383226914177184,0.07596101654694748,0.04743704696552716
