Breakfast,Grooming,Leaving,Lunch,Showering,Sleeping,Snack,Spare_Time/TV,Toileting
0.27334218450202674,0.013945618584098918,0.01006571495829414,0.6335818283297179,0.011840977317945083,0.012737288736915226,0.0191897575480558,0.01609579895244273,0.009200831070504718
