Breakfast,Grooming,Leaving,Lunch,Showering,Sleeping,Snack,Spare_Time_TV,Toileting
0.0045421904492313455,0.07837720489456455,0.024609462124674495,0.022489329041344295,0.010604127511319847,0.06380520570428799,0.0761810889431147,0.641944834393725,0.07744655693772953
