Breakfast,Dinner,Grooming,Leaving,Lunch,Showering,Sleeping,Snack,Spare_Time/TV,Toileting
0.000332775440036189,0.00101686416493026,0.0014525304265409096,0.9902983064057703,0.0004550799070753103,0.0014800223549377193,0.0006441417607099743,0.0012172878572735731,0.0007416977943665949,0.0023612938883587837
