Breakfast,Grooming,Leaving,Lunch,Showering,Sleeping,Snack,Spare_Time_TV,Toileting
0.09406559688130253,0.035270819067332954,0.020644929225682382,0.33373561527319234,0.028642211997977198,0.3990587743200011,0.032514722125449605,0.041744782260965,0.014322548848098332
