Breakfast,Dinner,Grooming,Leaving,Lunch,Showering,Sleeping,Snack,Spare_Time/TV,Toileting
0.005025217040936117,0.0018813087571258444,0.00938949254448173,0.001156638766508467,0.00045154774948593263,0.0017521672270108173,0.934210121001156,0.0003517420072823295,0.003428646628510195,0.042353118277497354
