Breakfast,Dinner,Grooming,Leaving,Lunch,Showering,Sleeping,Snack,Spare_Time/TV,Toileting
0.0014745480054240991,0.0016268497847617643,0.018736824238507005,0.006713788968661955,0.0007651202320961219,0.014942756143041469,0.00665127544530411,0.002116690298969047,0.0025287928919309043,0.9444433539913091
