Breakfast,Grooming,Leaving,Lunch,Showering,Sleeping,Snack,Spare_Time_TV,Toileting
0.09194745623962386,0.035317517035109984,0.02062629088179613,0.3364209624898064,0.028644986131688432,0.3988375055667647,0.032439986998555194,0.04148214194738966,0.014283152709267725
