Breakfast,Grooming,Leaving,Lunch,Showering,Sleeping,Snack,Spare_Time/TV,Toileting
0.8650069305130677,0.007002476648302578,0.006227429446994975,0.08042904087916411,0.006929730306118062,0.006773904575470749,0.008189145437789707,0.01454941634369584,0.00489192584939674
