Breakfast,Dinner,Grooming,Leaving,Lunch,Showering,Sleeping,Snack,Spare_Time/TV,Toileting
0.011651737548771447,0.005564753667266457,0.012429288126555256,0.7935122856671678,0.0026061946937820297,0.01454275818698223,0.11424096712925741,0.0035136335263089655,0.0049554548560948744,0.03698292659781383
